ALTER SESSION SET nls_date_format = 'YYYY.MM.DD.';


--------------------------------------------------------
--  File created - csütörtök-április-07-2022   
--------------------------------------------------------
--------------------------------------------------------
--  DDL for Table CONTINENTS
--------------------------------------------------------

  CREATE TABLE "TESZT"."CONTINENTS" 
   (	"CONTINENT_NAME" VARCHAR2(20 BYTE), 
	"CONTINENT_ID" NUMBER GENERATED BY DEFAULT AS IDENTITY MINVALUE 1 MAXVALUE 9999999999999999999999999999 INCREMENT BY 1 START WITH 1 CACHE 20 NOORDER  NOCYCLE  NOKEEP  NOSCALE 
   ) SEGMENT CREATION IMMEDIATE 
  PCTFREE 10 PCTUSED 40 INITRANS 1 MAXTRANS 255 
 NOCOMPRESS LOGGING
  STORAGE(INITIAL 65536 NEXT 1048576 MINEXTENTS 1 MAXEXTENTS 2147483645
  PCTINCREASE 0 FREELISTS 1 FREELIST GROUPS 1
  BUFFER_POOL DEFAULT FLASH_CACHE DEFAULT CELL_FLASH_CACHE DEFAULT)
  TABLESPACE "USERS" ;
REM INSERTING into TESZT.CONTINENTS
SET DEFINE OFF;
Insert into TESZT.CONTINENTS (CONTINENT_NAME,CONTINENT_ID) values ('Africa','1');
Insert into TESZT.CONTINENTS (CONTINENT_NAME,CONTINENT_ID) values ('America','2');
Insert into TESZT.CONTINENTS (CONTINENT_NAME,CONTINENT_ID) values ('Asia','3');
Insert into TESZT.CONTINENTS (CONTINENT_NAME,CONTINENT_ID) values ('Australia','4');
Insert into TESZT.CONTINENTS (CONTINENT_NAME,CONTINENT_ID) values ('Europe','5');
--------------------------------------------------------
--  DDL for Index CONTINENTS_PK
--------------------------------------------------------

  CREATE UNIQUE INDEX "TESZT"."CONTINENTS_PK" ON "TESZT"."CONTINENTS" ("CONTINENT_ID") 
  PCTFREE 10 INITRANS 2 MAXTRANS 255 COMPUTE STATISTICS 
  STORAGE(INITIAL 65536 NEXT 1048576 MINEXTENTS 1 MAXEXTENTS 2147483645
  PCTINCREASE 0 FREELISTS 1 FREELIST GROUPS 1
  BUFFER_POOL DEFAULT FLASH_CACHE DEFAULT CELL_FLASH_CACHE DEFAULT)
  TABLESPACE "USERS" ;
--------------------------------------------------------
--  Constraints for Table CONTINENTS
--------------------------------------------------------

  ALTER TABLE "TESZT"."CONTINENTS" MODIFY ("CONTINENT_NAME" NOT NULL ENABLE);
  ALTER TABLE "TESZT"."CONTINENTS" MODIFY ("CONTINENT_ID" NOT NULL ENABLE);
  ALTER TABLE "TESZT"."CONTINENTS" ADD CONSTRAINT "CONTINENTS_PK" PRIMARY KEY ("CONTINENT_ID")
  USING INDEX PCTFREE 10 INITRANS 2 MAXTRANS 255 COMPUTE STATISTICS 
  STORAGE(INITIAL 65536 NEXT 1048576 MINEXTENTS 1 MAXEXTENTS 2147483645
  PCTINCREASE 0 FREELISTS 1 FREELIST GROUPS 1
  BUFFER_POOL DEFAULT FLASH_CACHE DEFAULT CELL_FLASH_CACHE DEFAULT)
  TABLESPACE "USERS"  ENABLE;


--------------------------------------------------------
--  File created - csütörtök-április-07-2022   
--------------------------------------------------------
--------------------------------------------------------
--  DDL for Table LEADER_TYPES
--------------------------------------------------------

  CREATE TABLE "TESZT"."LEADER_TYPES" 
   (	"TITLE_NAME" VARCHAR2(20 BYTE), 
	"LEADER_TYPE" NUMBER
   ) SEGMENT CREATION IMMEDIATE 
  PCTFREE 10 PCTUSED 40 INITRANS 1 MAXTRANS 255 
 NOCOMPRESS LOGGING
  STORAGE(INITIAL 65536 NEXT 1048576 MINEXTENTS 1 MAXEXTENTS 2147483645
  PCTINCREASE 0 FREELISTS 1 FREELIST GROUPS 1
  BUFFER_POOL DEFAULT FLASH_CACHE DEFAULT CELL_FLASH_CACHE DEFAULT)
  TABLESPACE "USERS" ;
REM INSERTING into TESZT.LEADER_TYPES
SET DEFINE OFF;
Insert into TESZT.LEADER_TYPES (TITLE_NAME,LEADER_TYPE) values ('President','1');
Insert into TESZT.LEADER_TYPES (TITLE_NAME,LEADER_TYPE) values ('Prime Minister','2');
Insert into TESZT.LEADER_TYPES (TITLE_NAME,LEADER_TYPE) values ('Monarch','3');
Insert into TESZT.LEADER_TYPES (TITLE_NAME,LEADER_TYPE) values ('Dictator','4');
Insert into TESZT.LEADER_TYPES (TITLE_NAME,LEADER_TYPE) values ('other','5');
--------------------------------------------------------
--  DDL for Index LEADER_TYPES_PK
--------------------------------------------------------

  CREATE UNIQUE INDEX "TESZT"."LEADER_TYPES_PK" ON "TESZT"."LEADER_TYPES" ("LEADER_TYPE") 
  PCTFREE 10 INITRANS 2 MAXTRANS 255 COMPUTE STATISTICS 
  STORAGE(INITIAL 65536 NEXT 1048576 MINEXTENTS 1 MAXEXTENTS 2147483645
  PCTINCREASE 0 FREELISTS 1 FREELIST GROUPS 1
  BUFFER_POOL DEFAULT FLASH_CACHE DEFAULT CELL_FLASH_CACHE DEFAULT)
  TABLESPACE "USERS" ;
--------------------------------------------------------
--  Constraints for Table LEADER_TYPES
--------------------------------------------------------

  ALTER TABLE "TESZT"."LEADER_TYPES" ADD CONSTRAINT "LEADER_TYPES_PK" PRIMARY KEY ("LEADER_TYPE")
  USING INDEX PCTFREE 10 INITRANS 2 MAXTRANS 255 COMPUTE STATISTICS 
  STORAGE(INITIAL 65536 NEXT 1048576 MINEXTENTS 1 MAXEXTENTS 2147483645
  PCTINCREASE 0 FREELISTS 1 FREELIST GROUPS 1
  BUFFER_POOL DEFAULT FLASH_CACHE DEFAULT CELL_FLASH_CACHE DEFAULT)
  TABLESPACE "USERS"  ENABLE;
  ALTER TABLE "TESZT"."LEADER_TYPES" MODIFY ("TITLE_NAME" NOT NULL ENABLE);


--------------------------------------------------------
--  File created - csütörtök-április-07-2022   
--------------------------------------------------------
--------------------------------------------------------
--  DDL for Table LEADERS
--------------------------------------------------------

  CREATE TABLE "TESZT"."LEADERS" 
   (	"FIRST_NAME" VARCHAR2(20 BYTE), 
	"LAST_NAME" VARCHAR2(30 BYTE), 
	"LEADER_TYPE" NUMBER, 
	"LEADER_ID" NUMBER GENERATED BY DEFAULT AS IDENTITY MINVALUE 1 MAXVALUE 9999999999999999999999999999 INCREMENT BY 1 START WITH 1 CACHE 20 NOORDER  NOCYCLE  NOKEEP  NOSCALE 
   ) SEGMENT CREATION IMMEDIATE 
  PCTFREE 10 PCTUSED 40 INITRANS 1 MAXTRANS 255 
 NOCOMPRESS LOGGING
  STORAGE(INITIAL 65536 NEXT 1048576 MINEXTENTS 1 MAXEXTENTS 2147483645
  PCTINCREASE 0 FREELISTS 1 FREELIST GROUPS 1
  BUFFER_POOL DEFAULT FLASH_CACHE DEFAULT CELL_FLASH_CACHE DEFAULT)
  TABLESPACE "USERS" ;
REM INSERTING into TESZT.LEADERS
SET DEFINE OFF;
Insert into TESZT.LEADERS (FIRST_NAME,LAST_NAME,LEADER_TYPE,LEADER_ID) values ('Viktor','Orban','2','1');
Insert into TESZT.LEADERS (FIRST_NAME,LAST_NAME,LEADER_TYPE,LEADER_ID) values ('Mateusz','Morawiecki','2','2');
Insert into TESZT.LEADERS (FIRST_NAME,LAST_NAME,LEADER_TYPE,LEADER_ID) values ('Emmanuel','Macron','1','3');
Insert into TESZT.LEADERS (FIRST_NAME,LAST_NAME,LEADER_TYPE,LEADER_ID) values ('Vladimir','Putin','1','4');
Insert into TESZT.LEADERS (FIRST_NAME,LAST_NAME,LEADER_TYPE,LEADER_ID) values ('Joe','Biden','1','5');
Insert into TESZT.LEADERS (FIRST_NAME,LAST_NAME,LEADER_TYPE,LEADER_ID) values ('Queen Elizabeth II',null,'3','6');
Insert into TESZT.LEADERS (FIRST_NAME,LAST_NAME,LEADER_TYPE,LEADER_ID) values ('Min','Aung Hlaing','4','7');
Insert into TESZT.LEADERS (FIRST_NAME,LAST_NAME,LEADER_TYPE,LEADER_ID) values ('Abdel Fattah','el-Sisi','1','21');
Insert into TESZT.LEADERS (FIRST_NAME,LAST_NAME,LEADER_TYPE,LEADER_ID) values ('Tsai','Ing-wen','1','22');
Insert into TESZT.LEADERS (FIRST_NAME,LAST_NAME,LEADER_TYPE,LEADER_ID) values ('Cyril','Ramaphosa','1','23');
Insert into TESZT.LEADERS (FIRST_NAME,LAST_NAME,LEADER_TYPE,LEADER_ID) values ('Karl','Nehammer','2','8');
Insert into TESZT.LEADERS (FIRST_NAME,LAST_NAME,LEADER_TYPE,LEADER_ID) values ('Jair','Bolsonaro','1','24');
Insert into TESZT.LEADERS (FIRST_NAME,LAST_NAME,LEADER_TYPE,LEADER_ID) values ('Olaf','Schulz','2','9');
Insert into TESZT.LEADERS (FIRST_NAME,LAST_NAME,LEADER_TYPE,LEADER_ID) values ('Xi','Jinping','1','10');
Insert into TESZT.LEADERS (FIRST_NAME,LAST_NAME,LEADER_TYPE,LEADER_ID) values ('Walter','Thurnherr','2','11');
Insert into TESZT.LEADERS (FIRST_NAME,LAST_NAME,LEADER_TYPE,LEADER_ID) values ('King Philippe',null,'3','12');
Insert into TESZT.LEADERS (FIRST_NAME,LAST_NAME,LEADER_TYPE,LEADER_ID) values ('Pope Francis',null,'5','13');
--------------------------------------------------------
--  DDL for Index LEADERS_PK
--------------------------------------------------------

  CREATE UNIQUE INDEX "TESZT"."LEADERS_PK" ON "TESZT"."LEADERS" ("LEADER_ID") 
  PCTFREE 10 INITRANS 2 MAXTRANS 255 COMPUTE STATISTICS 
  STORAGE(INITIAL 65536 NEXT 1048576 MINEXTENTS 1 MAXEXTENTS 2147483645
  PCTINCREASE 0 FREELISTS 1 FREELIST GROUPS 1
  BUFFER_POOL DEFAULT FLASH_CACHE DEFAULT CELL_FLASH_CACHE DEFAULT)
  TABLESPACE "USERS" ;
--------------------------------------------------------
--  Constraints for Table LEADERS
--------------------------------------------------------

  ALTER TABLE "TESZT"."LEADERS" MODIFY ("LEADER_ID" NOT NULL ENABLE);
  ALTER TABLE "TESZT"."LEADERS" ADD CONSTRAINT "LEADERS_PK" PRIMARY KEY ("LEADER_ID")
  USING INDEX PCTFREE 10 INITRANS 2 MAXTRANS 255 COMPUTE STATISTICS 
  STORAGE(INITIAL 65536 NEXT 1048576 MINEXTENTS 1 MAXEXTENTS 2147483645
  PCTINCREASE 0 FREELISTS 1 FREELIST GROUPS 1
  BUFFER_POOL DEFAULT FLASH_CACHE DEFAULT CELL_FLASH_CACHE DEFAULT)
  TABLESPACE "USERS"  ENABLE;
  ALTER TABLE "TESZT"."LEADERS" MODIFY ("LEADER_TYPE" NOT NULL ENABLE);
--------------------------------------------------------
--  Ref Constraints for Table LEADERS
--------------------------------------------------------

  ALTER TABLE "TESZT"."LEADERS" ADD CONSTRAINT "LEADERS_FK_LDRTYPE" FOREIGN KEY ("LEADER_TYPE")
	  REFERENCES "TESZT"."LEADER_TYPES" ("LEADER_TYPE") ENABLE;


--------------------------------------------------------
--  File created - csütörtök-április-07-2022   
--------------------------------------------------------
--------------------------------------------------------
--  DDL for Table COUNTRIES
--------------------------------------------------------

  CREATE TABLE "TESZT"."COUNTRIES" 
   (	"COUNTRY_CODE" VARCHAR2(2 BYTE), 
	"COUNTRY_NAME" VARCHAR2(30 BYTE), 
	"COUNTRY_POPULATION" NUMBER DEFAULT 0, 
	"FORM_OF_GOV" VARCHAR2(30 BYTE) DEFAULT 'non_defined', 
	"LEADER_ID" NUMBER, 
	"CONTINENT_ID" NUMBER
   ) SEGMENT CREATION IMMEDIATE 
  PCTFREE 10 PCTUSED 40 INITRANS 1 MAXTRANS 255 
 NOCOMPRESS LOGGING
  STORAGE(INITIAL 65536 NEXT 1048576 MINEXTENTS 1 MAXEXTENTS 2147483645
  PCTINCREASE 0 FREELISTS 1 FREELIST GROUPS 1
  BUFFER_POOL DEFAULT FLASH_CACHE DEFAULT CELL_FLASH_CACHE DEFAULT)
  TABLESPACE "USERS" ;
REM INSERTING into TESZT.COUNTRIES
SET DEFINE OFF;
Insert into TESZT.COUNTRIES (COUNTRY_CODE,COUNTRY_NAME,COUNTRY_POPULATION,FORM_OF_GOV,LEADER_ID,CONTINENT_ID) values ('HU','Hungary','9750000','parliamental_republic','1','5');
Insert into TESZT.COUNTRIES (COUNTRY_CODE,COUNTRY_NAME,COUNTRY_POPULATION,FORM_OF_GOV,LEADER_ID,CONTINENT_ID) values ('AU','Australia','25690000','constitutional_monarchy','6','4');
Insert into TESZT.COUNTRIES (COUNTRY_CODE,COUNTRY_NAME,COUNTRY_POPULATION,FORM_OF_GOV,LEADER_ID,CONTINENT_ID) values ('EG','Egypt','102674000','presidential_republic','21','1');
Insert into TESZT.COUNTRIES (COUNTRY_CODE,COUNTRY_NAME,COUNTRY_POPULATION,FORM_OF_GOV,LEADER_ID,CONTINENT_ID) values ('TW','China','23451000','presidential_republic','22','3');
Insert into TESZT.COUNTRIES (COUNTRY_CODE,COUNTRY_NAME,COUNTRY_POPULATION,FORM_OF_GOV,LEADER_ID,CONTINENT_ID) values ('ZA','South Africa','60142000','presidential_republic','23','1');
Insert into TESZT.COUNTRIES (COUNTRY_CODE,COUNTRY_NAME,COUNTRY_POPULATION,FORM_OF_GOV,LEADER_ID,CONTINENT_ID) values ('PL','Poland','37950000','parliamental_republic','2','5');
Insert into TESZT.COUNTRIES (COUNTRY_CODE,COUNTRY_NAME,COUNTRY_POPULATION,FORM_OF_GOV,LEADER_ID,CONTINENT_ID) values ('DE','Germany','83240000','parliamental_republic','9','5');
Insert into TESZT.COUNTRIES (COUNTRY_CODE,COUNTRY_NAME,COUNTRY_POPULATION,FORM_OF_GOV,LEADER_ID,CONTINENT_ID) values ('UK','United Kingdom','67220000','constitutional_monarchy','6','5');
Insert into TESZT.COUNTRIES (COUNTRY_CODE,COUNTRY_NAME,COUNTRY_POPULATION,FORM_OF_GOV,LEADER_ID,CONTINENT_ID) values ('US','United States of America','329500000','presidential_republic','5','2');
Insert into TESZT.COUNTRIES (COUNTRY_CODE,COUNTRY_NAME,COUNTRY_POPULATION,FORM_OF_GOV,LEADER_ID,CONTINENT_ID) values ('CN','China','1402000000','one-party_state','10','3');
Insert into TESZT.COUNTRIES (COUNTRY_CODE,COUNTRY_NAME,COUNTRY_POPULATION,FORM_OF_GOV,LEADER_ID,CONTINENT_ID) values ('FR','France','67390000','presidential_republic','3','5');
Insert into TESZT.COUNTRIES (COUNTRY_CODE,COUNTRY_NAME,COUNTRY_POPULATION,FORM_OF_GOV,LEADER_ID,CONTINENT_ID) values ('CH','Switzerland','8637000','parliamental_republic','11','5');
Insert into TESZT.COUNTRIES (COUNTRY_CODE,COUNTRY_NAME,COUNTRY_POPULATION,FORM_OF_GOV,LEADER_ID,CONTINENT_ID) values ('BE','Belgium','11560000','constitutional_monarchy','12','5');
Insert into TESZT.COUNTRIES (COUNTRY_CODE,COUNTRY_NAME,COUNTRY_POPULATION,FORM_OF_GOV,LEADER_ID,CONTINENT_ID) values ('MM','Myanmar','54410000','military_dictatorship','7','3');
Insert into TESZT.COUNTRIES (COUNTRY_CODE,COUNTRY_NAME,COUNTRY_POPULATION,FORM_OF_GOV,LEADER_ID,CONTINENT_ID) values ('AT','Austria','8917000','parliamental_republic','9','5');
Insert into TESZT.COUNTRIES (COUNTRY_CODE,COUNTRY_NAME,COUNTRY_POPULATION,FORM_OF_GOV,LEADER_ID,CONTINENT_ID) values ('VA','Vatican','825','absolute_monarchy','13','5');
--------------------------------------------------------
--  DDL for Index COUNTRIES_PK
--------------------------------------------------------

  CREATE UNIQUE INDEX "TESZT"."COUNTRIES_PK" ON "TESZT"."COUNTRIES" ("COUNTRY_CODE") 
  PCTFREE 10 INITRANS 2 MAXTRANS 255 COMPUTE STATISTICS 
  STORAGE(INITIAL 65536 NEXT 1048576 MINEXTENTS 1 MAXEXTENTS 2147483645
  PCTINCREASE 0 FREELISTS 1 FREELIST GROUPS 1
  BUFFER_POOL DEFAULT FLASH_CACHE DEFAULT CELL_FLASH_CACHE DEFAULT)
  TABLESPACE "USERS" ;
--------------------------------------------------------
--  DDL for Trigger MOD_COUNTRIES
--------------------------------------------------------

  CREATE OR REPLACE NONEDITIONABLE TRIGGER "TESZT"."MOD_COUNTRIES" 
BEFORE INSERT OR UPDATE OR DELETE on countries
FOR EACH ROW
DECLARE
    PRAGMA AUTONOMOUS_TRANSACTION;
    vTransaction    VARCHAR(10);
    vKey            countries.country_code%TYPE;
    vInfo           log_countries.info%TYPE;
BEGIN
    CASE
        WHEN UPDATING THEN
            vKey := :new.country_code;
            vInfo := 'MÓDOSÍTVA: ' || :new.country_code || ' ' ||
                    :old.country_name  ||' -> ' || :new.country_name || '; ' ||
                    :old.country_population  ||' -> ' || :new.country_population || '; ' ||
                    :old.form_of_gov  ||' -> ' || :new.form_of_gov || '; ' ||
                    :old.leader_id  ||' -> ' || :new.leader_id || '; ' ||
                    :old.continent_id  ||' -> ' || :new.continent_id;
        WHEN DELETING THEN
            vInfo := 'TÖRÖLVE: ' || :old.country_code || ' ' || :old.country_name;
            vKey := :old.country_code;
        WHEN INSERTING THEN
            vInfo := 'BESZÚRVA: ' || :new.country_code || ' ' || :new.country_name || ', ' ||
                    :new.country_population || ', ' || :new.form_of_gov || ', ' ||
                    :new.leader_id || ', ' || :new.continent_id;
            vKey := :new.country_code;
    END CASE;

    INSERT INTO log_countries VALUES(sysdate, user, vKey, vInfo);
    COMMIT;
END mod_countries;

/
ALTER TRIGGER "TESZT"."MOD_COUNTRIES" ENABLE;
--------------------------------------------------------
--  DDL for Trigger COUNTRIES_TRG
--------------------------------------------------------

  CREATE OR REPLACE NONEDITIONABLE TRIGGER "TESZT"."COUNTRIES_TRG" 
BEFORE INSERT ON COUNTRIES 
FOR EACH ROW 
BEGIN
  <<COLUMN_SEQUENCES>>
  BEGIN
    NULL;
  END COLUMN_SEQUENCES;
END;
/
ALTER TRIGGER "TESZT"."COUNTRIES_TRG" ENABLE;
--------------------------------------------------------
--  Constraints for Table COUNTRIES
--------------------------------------------------------

  ALTER TABLE "TESZT"."COUNTRIES" MODIFY ("COUNTRY_CODE" NOT NULL ENABLE);
  ALTER TABLE "TESZT"."COUNTRIES" MODIFY ("COUNTRY_NAME" NOT NULL ENABLE);
  ALTER TABLE "TESZT"."COUNTRIES" ADD CONSTRAINT "COUNTRIES_PK" PRIMARY KEY ("COUNTRY_CODE")
  USING INDEX PCTFREE 10 INITRANS 2 MAXTRANS 255 COMPUTE STATISTICS 
  STORAGE(INITIAL 65536 NEXT 1048576 MINEXTENTS 1 MAXEXTENTS 2147483645
  PCTINCREASE 0 FREELISTS 1 FREELIST GROUPS 1
  BUFFER_POOL DEFAULT FLASH_CACHE DEFAULT CELL_FLASH_CACHE DEFAULT)
  TABLESPACE "USERS"  ENABLE;
  ALTER TABLE "TESZT"."COUNTRIES" ADD CONSTRAINT "COUNTRIES_GOV" CHECK (form_of_gov IN ('presidential_republic', 'parliamental_republic', 'constitutional_monarchy', 'absolute_monarchy', 'one-party_state', 'military_dictatorship', 'non_defined')) ENABLE;
--------------------------------------------------------
--  Ref Constraints for Table COUNTRIES
--------------------------------------------------------

  ALTER TABLE "TESZT"."COUNTRIES" ADD CONSTRAINT "COUNTRIES_FK_CONT" FOREIGN KEY ("CONTINENT_ID")
	  REFERENCES "TESZT"."CONTINENTS" ("CONTINENT_ID") ENABLE;
  ALTER TABLE "TESZT"."COUNTRIES" ADD CONSTRAINT "COUNTRIES_FK_LDR" FOREIGN KEY ("LEADER_ID")
	  REFERENCES "TESZT"."LEADERS" ("LEADER_ID") ENABLE;


--------------------------------------------------------
--  File created - csütörtök-április-07-2022   
--------------------------------------------------------
--------------------------------------------------------
--  DDL for Table CITIES
--------------------------------------------------------

  CREATE TABLE "TESZT"."CITIES" 
   (	"CITY_NAME" VARCHAR2(20 BYTE), 
	"CITY_POPULATION" NUMBER DEFAULT 0, 
	"CITY_ID" NUMBER GENERATED BY DEFAULT ON NULL AS IDENTITY MINVALUE 1 MAXVALUE 9999999999999999999999999999 INCREMENT BY 1 START WITH 1 CACHE 20 NOORDER  NOCYCLE  NOKEEP  NOSCALE , 
	"COUNTRY_CODE" VARCHAR2(2 BYTE), 
	"IS_CAPITAL" NUMBER(*,0) DEFAULT 0
   ) SEGMENT CREATION IMMEDIATE 
  PCTFREE 10 PCTUSED 40 INITRANS 1 MAXTRANS 255 
 NOCOMPRESS LOGGING
  STORAGE(INITIAL 65536 NEXT 1048576 MINEXTENTS 1 MAXEXTENTS 2147483645
  PCTINCREASE 0 FREELISTS 1 FREELIST GROUPS 1
  BUFFER_POOL DEFAULT FLASH_CACHE DEFAULT CELL_FLASH_CACHE DEFAULT)
  TABLESPACE "USERS" ;
REM INSERTING into TESZT.CITIES
SET DEFINE OFF;
Insert into TESZT.CITIES (CITY_NAME,CITY_POPULATION,CITY_ID,COUNTRY_CODE,IS_CAPITAL) values ('Budapest','1756000','1','HU','1');
Insert into TESZT.CITIES (CITY_NAME,CITY_POPULATION,CITY_ID,COUNTRY_CODE,IS_CAPITAL) values ('London','9002000','2','UK','1');
Insert into TESZT.CITIES (CITY_NAME,CITY_POPULATION,CITY_ID,COUNTRY_CODE,IS_CAPITAL) values ('Berlin','3664000','3','DE','1');
Insert into TESZT.CITIES (CITY_NAME,CITY_POPULATION,CITY_ID,COUNTRY_CODE,IS_CAPITAL) values ('Paris','2139000','4','FR','1');
Insert into TESZT.CITIES (CITY_NAME,CITY_POPULATION,CITY_ID,COUNTRY_CODE,IS_CAPITAL) values ('Vienna','1931000','5','AT','1');
Insert into TESZT.CITIES (CITY_NAME,CITY_POPULATION,CITY_ID,COUNTRY_CODE,IS_CAPITAL) values ('Warsaw','1792000','6','PL','1');
Insert into TESZT.CITIES (CITY_NAME,CITY_POPULATION,CITY_ID,COUNTRY_CODE,IS_CAPITAL) values ('Washington D.C.','689000','7','US','1');
Insert into TESZT.CITIES (CITY_NAME,CITY_POPULATION,CITY_ID,COUNTRY_CODE,IS_CAPITAL) values ('Nay Pyi Taw','924000','8','MY','1');
Insert into TESZT.CITIES (CITY_NAME,CITY_POPULATION,CITY_ID,COUNTRY_CODE,IS_CAPITAL) values ('Beijing','21540000','9','CN','1');
Insert into TESZT.CITIES (CITY_NAME,CITY_POPULATION,CITY_ID,COUNTRY_CODE,IS_CAPITAL) values ('Bern','133000','10','CH','1');
Insert into TESZT.CITIES (CITY_NAME,CITY_POPULATION,CITY_ID,COUNTRY_CODE,IS_CAPITAL) values ('Brussels','2065000','11','BE','1');
Insert into TESZT.CITIES (CITY_NAME,CITY_POPULATION,CITY_ID,COUNTRY_CODE,IS_CAPITAL) values ('Kecskemet','111000','12','HU','0');
Insert into TESZT.CITIES (CITY_NAME,CITY_POPULATION,CITY_ID,COUNTRY_CODE,IS_CAPITAL) values ('Debrecen','202000','13','HU','0');
Insert into TESZT.CITIES (CITY_NAME,CITY_POPULATION,CITY_ID,COUNTRY_CODE,IS_CAPITAL) values ('Norwich','143000','14','UK','0');
Insert into TESZT.CITIES (CITY_NAME,CITY_POPULATION,CITY_ID,COUNTRY_CODE,IS_CAPITAL) values ('Munchen','1472000','15','DE','0');
Insert into TESZT.CITIES (CITY_NAME,CITY_POPULATION,CITY_ID,COUNTRY_CODE,IS_CAPITAL) values ('Hamburg','1841000','16','DE','0');
Insert into TESZT.CITIES (CITY_NAME,CITY_POPULATION,CITY_ID,COUNTRY_CODE,IS_CAPITAL) values ('Leipzig','587000','17','DE','0');
Insert into TESZT.CITIES (CITY_NAME,CITY_POPULATION,CITY_ID,COUNTRY_CODE,IS_CAPITAL) values ('Shanghai','26320000','18','CN','0');
Insert into TESZT.CITIES (CITY_NAME,CITY_POPULATION,CITY_ID,COUNTRY_CODE,IS_CAPITAL) values ('Basel','171000','19','CH','0');
Insert into TESZT.CITIES (CITY_NAME,CITY_POPULATION,CITY_ID,COUNTRY_CODE,IS_CAPITAL) values ('Brugge','118000','20','BE','0');
Insert into TESZT.CITIES (CITY_NAME,CITY_POPULATION,CITY_ID,COUNTRY_CODE,IS_CAPITAL) values ('Lyon','513000','21','FR','0');
Insert into TESZT.CITIES (CITY_NAME,CITY_POPULATION,CITY_ID,COUNTRY_CODE,IS_CAPITAL) values ('Marseille','861000','22','FR','0');
Insert into TESZT.CITIES (CITY_NAME,CITY_POPULATION,CITY_ID,COUNTRY_CODE,IS_CAPITAL) values ('Salzburg','152000','23','AT','0');
Insert into TESZT.CITIES (CITY_NAME,CITY_POPULATION,CITY_ID,COUNTRY_CODE,IS_CAPITAL) values ('Melbourne','5078000','24','AU','0');
Insert into TESZT.CITIES (CITY_NAME,CITY_POPULATION,CITY_ID,COUNTRY_CODE,IS_CAPITAL) values ('Melbourne','81000','25','US','0');
Insert into TESZT.CITIES (CITY_NAME,CITY_POPULATION,CITY_ID,COUNTRY_CODE,IS_CAPITAL) values ('New Delhi','28514000','26','IN','1');
Insert into TESZT.CITIES (CITY_NAME,CITY_POPULATION,CITY_ID,COUNTRY_CODE,IS_CAPITAL) values ('Taipei','2553000','27','TW','1');
Insert into TESZT.CITIES (CITY_NAME,CITY_POPULATION,CITY_ID,COUNTRY_CODE,IS_CAPITAL) values ('Pretoria','741000','28','ZA','1');
Insert into TESZT.CITIES (CITY_NAME,CITY_POPULATION,CITY_ID,COUNTRY_CODE,IS_CAPITAL) values ('Cape Town','4710000','29','ZA','1');
Insert into TESZT.CITIES (CITY_NAME,CITY_POPULATION,CITY_ID,COUNTRY_CODE,IS_CAPITAL) values ('Bloemfontein','556000','30','ZA','1');
Insert into TESZT.CITIES (CITY_NAME,CITY_POPULATION,CITY_ID,COUNTRY_CODE,IS_CAPITAL) values ('Johannesburg','5635000','31','ZA','0');
--------------------------------------------------------
--  DDL for Index CITIES_PK
--------------------------------------------------------

  CREATE UNIQUE INDEX "TESZT"."CITIES_PK" ON "TESZT"."CITIES" ("CITY_ID") 
  PCTFREE 10 INITRANS 2 MAXTRANS 255 COMPUTE STATISTICS 
  STORAGE(INITIAL 65536 NEXT 1048576 MINEXTENTS 1 MAXEXTENTS 2147483645
  PCTINCREASE 0 FREELISTS 1 FREELIST GROUPS 1
  BUFFER_POOL DEFAULT FLASH_CACHE DEFAULT CELL_FLASH_CACHE DEFAULT)
  TABLESPACE "USERS" ;
--------------------------------------------------------
--  Constraints for Table CITIES
--------------------------------------------------------

  ALTER TABLE "TESZT"."CITIES" MODIFY ("CITY_ID" NOT NULL ENABLE);
  ALTER TABLE "TESZT"."CITIES" ADD CONSTRAINT "CITIES_PK" PRIMARY KEY ("CITY_ID")
  USING INDEX PCTFREE 10 INITRANS 2 MAXTRANS 255 COMPUTE STATISTICS 
  STORAGE(INITIAL 65536 NEXT 1048576 MINEXTENTS 1 MAXEXTENTS 2147483645
  PCTINCREASE 0 FREELISTS 1 FREELIST GROUPS 1
  BUFFER_POOL DEFAULT FLASH_CACHE DEFAULT CELL_FLASH_CACHE DEFAULT)
  TABLESPACE "USERS"  ENABLE;
  ALTER TABLE "TESZT"."CITIES" MODIFY ("COUNTRY_CODE" NOT NULL ENABLE);
  ALTER TABLE "TESZT"."CITIES" ADD CONSTRAINT "CITIES_CHK_BOOL" CHECK ((is_capital = 0 or is_capital = 1)) ENABLE;
  ALTER TABLE "TESZT"."CITIES" MODIFY ("CITY_NAME" NOT NULL ENABLE);
--------------------------------------------------------
--  Ref Constraints for Table CITIES
--------------------------------------------------------

  ALTER TABLE "TESZT"."CITIES" ADD CONSTRAINT "CITIES_FK_LOC" FOREIGN KEY ("COUNTRY_CODE")
	  REFERENCES "TESZT"."COUNTRIES" ("COUNTRY_CODE") DISABLE;


--------------------------------------------------------
--  File created - csütörtök-április-07-2022   
--------------------------------------------------------
--------------------------------------------------------
--  DDL for Table LANGUAGES
--------------------------------------------------------

  CREATE TABLE "TESZT"."LANGUAGES" 
   (	"LANGUAGE_ID" VARCHAR2(2 BYTE), 
	"LANGUAGE_NAME" VARCHAR2(20 BYTE)
   ) SEGMENT CREATION IMMEDIATE 
  PCTFREE 10 PCTUSED 40 INITRANS 1 MAXTRANS 255 
 NOCOMPRESS LOGGING
  STORAGE(INITIAL 65536 NEXT 1048576 MINEXTENTS 1 MAXEXTENTS 2147483645
  PCTINCREASE 0 FREELISTS 1 FREELIST GROUPS 1
  BUFFER_POOL DEFAULT FLASH_CACHE DEFAULT CELL_FLASH_CACHE DEFAULT)
  TABLESPACE "USERS" ;
REM INSERTING into TESZT.LANGUAGES
SET DEFINE OFF;
Insert into TESZT.LANGUAGES (LANGUAGE_ID,LANGUAGE_NAME) values ('hu','Hungarian');
Insert into TESZT.LANGUAGES (LANGUAGE_ID,LANGUAGE_NAME) values ('en','English');
Insert into TESZT.LANGUAGES (LANGUAGE_ID,LANGUAGE_NAME) values ('de','German');
Insert into TESZT.LANGUAGES (LANGUAGE_ID,LANGUAGE_NAME) values ('fr','French');
Insert into TESZT.LANGUAGES (LANGUAGE_ID,LANGUAGE_NAME) values ('it','Italian');
Insert into TESZT.LANGUAGES (LANGUAGE_ID,LANGUAGE_NAME) values ('es','Spanish');
Insert into TESZT.LANGUAGES (LANGUAGE_ID,LANGUAGE_NAME) values ('pl','Polish');
Insert into TESZT.LANGUAGES (LANGUAGE_ID,LANGUAGE_NAME) values ('ru','Russian');
Insert into TESZT.LANGUAGES (LANGUAGE_ID,LANGUAGE_NAME) values ('jp','Japanese');
Insert into TESZT.LANGUAGES (LANGUAGE_ID,LANGUAGE_NAME) values ('ko','Korean');
Insert into TESZT.LANGUAGES (LANGUAGE_ID,LANGUAGE_NAME) values ('eu','Basque');
Insert into TESZT.LANGUAGES (LANGUAGE_ID,LANGUAGE_NAME) values ('ar','Arabic');
Insert into TESZT.LANGUAGES (LANGUAGE_ID,LANGUAGE_NAME) values ('zu','Zulu');
Insert into TESZT.LANGUAGES (LANGUAGE_ID,LANGUAGE_NAME) values ('ss','Swazi');
Insert into TESZT.LANGUAGES (LANGUAGE_ID,LANGUAGE_NAME) values ('af','Afrikaans');
Insert into TESZT.LANGUAGES (LANGUAGE_ID,LANGUAGE_NAME) values ('ns','SePedi');
Insert into TESZT.LANGUAGES (LANGUAGE_ID,LANGUAGE_NAME) values ('st','Sotho');
Insert into TESZT.LANGUAGES (LANGUAGE_ID,LANGUAGE_NAME) values ('tn','Tswana');
Insert into TESZT.LANGUAGES (LANGUAGE_ID,LANGUAGE_NAME) values ('ts','Tsonga');
Insert into TESZT.LANGUAGES (LANGUAGE_ID,LANGUAGE_NAME) values ('xh','Xhosa');
Insert into TESZT.LANGUAGES (LANGUAGE_ID,LANGUAGE_NAME) values ('ve','Venda');
Insert into TESZT.LANGUAGES (LANGUAGE_ID,LANGUAGE_NAME) values ('nr','Southern Ndebele');
Insert into TESZT.LANGUAGES (LANGUAGE_ID,LANGUAGE_NAME) values ('cn','Chinese');
Insert into TESZT.LANGUAGES (LANGUAGE_ID,LANGUAGE_NAME) values ('rm','Romansh');
Insert into TESZT.LANGUAGES (LANGUAGE_ID,LANGUAGE_NAME) values ('nl','Dutch');
Insert into TESZT.LANGUAGES (LANGUAGE_ID,LANGUAGE_NAME) values ('my','Burmese');
--------------------------------------------------------
--  DDL for Index LANGUAGES_PK
--------------------------------------------------------

  CREATE UNIQUE INDEX "TESZT"."LANGUAGES_PK" ON "TESZT"."LANGUAGES" ("LANGUAGE_ID") 
  PCTFREE 10 INITRANS 2 MAXTRANS 255 COMPUTE STATISTICS 
  STORAGE(INITIAL 65536 NEXT 1048576 MINEXTENTS 1 MAXEXTENTS 2147483645
  PCTINCREASE 0 FREELISTS 1 FREELIST GROUPS 1
  BUFFER_POOL DEFAULT FLASH_CACHE DEFAULT CELL_FLASH_CACHE DEFAULT)
  TABLESPACE "USERS" ;
--------------------------------------------------------
--  Constraints for Table LANGUAGES
--------------------------------------------------------

  ALTER TABLE "TESZT"."LANGUAGES" MODIFY ("LANGUAGE_ID" NOT NULL ENABLE);
  ALTER TABLE "TESZT"."LANGUAGES" ADD CONSTRAINT "LANGUAGES_PK" PRIMARY KEY ("LANGUAGE_ID")
  USING INDEX PCTFREE 10 INITRANS 2 MAXTRANS 255 COMPUTE STATISTICS 
  STORAGE(INITIAL 65536 NEXT 1048576 MINEXTENTS 1 MAXEXTENTS 2147483645
  PCTINCREASE 0 FREELISTS 1 FREELIST GROUPS 1
  BUFFER_POOL DEFAULT FLASH_CACHE DEFAULT CELL_FLASH_CACHE DEFAULT)
  TABLESPACE "USERS"  ENABLE;


--------------------------------------------------------
--  File created - csütörtök-április-07-2022   
--------------------------------------------------------
--------------------------------------------------------
--  DDL for Table OFFICIAL_LANG
--------------------------------------------------------

  CREATE TABLE "TESZT"."OFFICIAL_LANG" 
   (	"LANGUAGE_ID" VARCHAR2(2 BYTE), 
	"COUNTRY_CODE" VARCHAR2(2 BYTE)
   ) SEGMENT CREATION IMMEDIATE 
  PCTFREE 10 PCTUSED 40 INITRANS 1 MAXTRANS 255 
 NOCOMPRESS LOGGING
  STORAGE(INITIAL 65536 NEXT 1048576 MINEXTENTS 1 MAXEXTENTS 2147483645
  PCTINCREASE 0 FREELISTS 1 FREELIST GROUPS 1
  BUFFER_POOL DEFAULT FLASH_CACHE DEFAULT CELL_FLASH_CACHE DEFAULT)
  TABLESPACE "USERS" ;
REM INSERTING into TESZT.OFFICIAL_LANG
SET DEFINE OFF;
Insert into TESZT.OFFICIAL_LANG (LANGUAGE_ID,COUNTRY_CODE) values ('hu','HU');
Insert into TESZT.OFFICIAL_LANG (LANGUAGE_ID,COUNTRY_CODE) values ('cn','TW');
Insert into TESZT.OFFICIAL_LANG (LANGUAGE_ID,COUNTRY_CODE) values ('ar','EG');
Insert into TESZT.OFFICIAL_LANG (LANGUAGE_ID,COUNTRY_CODE) values ('en','ZA');
Insert into TESZT.OFFICIAL_LANG (LANGUAGE_ID,COUNTRY_CODE) values ('nr','ZA');
Insert into TESZT.OFFICIAL_LANG (LANGUAGE_ID,COUNTRY_CODE) values ('ns','ZA');
Insert into TESZT.OFFICIAL_LANG (LANGUAGE_ID,COUNTRY_CODE) values ('ss','ZA');
Insert into TESZT.OFFICIAL_LANG (LANGUAGE_ID,COUNTRY_CODE) values ('st','ZA');
Insert into TESZT.OFFICIAL_LANG (LANGUAGE_ID,COUNTRY_CODE) values ('tn','ZA');
Insert into TESZT.OFFICIAL_LANG (LANGUAGE_ID,COUNTRY_CODE) values ('ts','ZA');
Insert into TESZT.OFFICIAL_LANG (LANGUAGE_ID,COUNTRY_CODE) values ('ve','ZA');
Insert into TESZT.OFFICIAL_LANG (LANGUAGE_ID,COUNTRY_CODE) values ('xh','ZA');
Insert into TESZT.OFFICIAL_LANG (LANGUAGE_ID,COUNTRY_CODE) values ('zu','ZA');
Insert into TESZT.OFFICIAL_LANG (LANGUAGE_ID,COUNTRY_CODE) values ('af','ZA');
Insert into TESZT.OFFICIAL_LANG (LANGUAGE_ID,COUNTRY_CODE) values ('pl','PL');
Insert into TESZT.OFFICIAL_LANG (LANGUAGE_ID,COUNTRY_CODE) values ('de','DE');
Insert into TESZT.OFFICIAL_LANG (LANGUAGE_ID,COUNTRY_CODE) values ('en','UK');
Insert into TESZT.OFFICIAL_LANG (LANGUAGE_ID,COUNTRY_CODE) values ('en','US');
Insert into TESZT.OFFICIAL_LANG (LANGUAGE_ID,COUNTRY_CODE) values ('cn','CN');
Insert into TESZT.OFFICIAL_LANG (LANGUAGE_ID,COUNTRY_CODE) values ('fr','FR');
Insert into TESZT.OFFICIAL_LANG (LANGUAGE_ID,COUNTRY_CODE) values ('fr','CH');
Insert into TESZT.OFFICIAL_LANG (LANGUAGE_ID,COUNTRY_CODE) values ('de','CH');
Insert into TESZT.OFFICIAL_LANG (LANGUAGE_ID,COUNTRY_CODE) values ('it','CH');
Insert into TESZT.OFFICIAL_LANG (LANGUAGE_ID,COUNTRY_CODE) values ('rm','CH');
Insert into TESZT.OFFICIAL_LANG (LANGUAGE_ID,COUNTRY_CODE) values ('fr','BE');
Insert into TESZT.OFFICIAL_LANG (LANGUAGE_ID,COUNTRY_CODE) values ('nl','BE');
Insert into TESZT.OFFICIAL_LANG (LANGUAGE_ID,COUNTRY_CODE) values ('de','BE');
Insert into TESZT.OFFICIAL_LANG (LANGUAGE_ID,COUNTRY_CODE) values ('my','MM');
Insert into TESZT.OFFICIAL_LANG (LANGUAGE_ID,COUNTRY_CODE) values ('de','AT');
--------------------------------------------------------
--  DDL for Index OFFICIAL_LANG_UK1
--------------------------------------------------------

  CREATE UNIQUE INDEX "TESZT"."OFFICIAL_LANG_UK1" ON "TESZT"."OFFICIAL_LANG" ("LANGUAGE_ID", "COUNTRY_CODE") 
  PCTFREE 10 INITRANS 2 MAXTRANS 255 COMPUTE STATISTICS 
  STORAGE(INITIAL 65536 NEXT 1048576 MINEXTENTS 1 MAXEXTENTS 2147483645
  PCTINCREASE 0 FREELISTS 1 FREELIST GROUPS 1
  BUFFER_POOL DEFAULT FLASH_CACHE DEFAULT CELL_FLASH_CACHE DEFAULT)
  TABLESPACE "USERS" ;
--------------------------------------------------------
--  Constraints for Table OFFICIAL_LANG
--------------------------------------------------------

  ALTER TABLE "TESZT"."OFFICIAL_LANG" ADD CONSTRAINT "OFFICIAL_LANG_UK1" UNIQUE ("LANGUAGE_ID", "COUNTRY_CODE")
  USING INDEX PCTFREE 10 INITRANS 2 MAXTRANS 255 COMPUTE STATISTICS 
  STORAGE(INITIAL 65536 NEXT 1048576 MINEXTENTS 1 MAXEXTENTS 2147483645
  PCTINCREASE 0 FREELISTS 1 FREELIST GROUPS 1
  BUFFER_POOL DEFAULT FLASH_CACHE DEFAULT CELL_FLASH_CACHE DEFAULT)
  TABLESPACE "USERS"  ENABLE;
  ALTER TABLE "TESZT"."OFFICIAL_LANG" ADD CONSTRAINT "OFFICIAL_LANG_CHK_LANG" CHECK (language_id IS NOT NULL) ENABLE;
  ALTER TABLE "TESZT"."OFFICIAL_LANG" ADD CONSTRAINT "OFFICIAL_LANG_CHK_CTRY" CHECK (country_code IS NOT NULL) ENABLE;
--------------------------------------------------------
--  Ref Constraints for Table OFFICIAL_LANG
--------------------------------------------------------

  ALTER TABLE "TESZT"."OFFICIAL_LANG" ADD CONSTRAINT "OFFICIAL_LANG_FK_CTRY" FOREIGN KEY ("COUNTRY_CODE")
	  REFERENCES "TESZT"."COUNTRIES" ("COUNTRY_CODE") ENABLE;
  ALTER TABLE "TESZT"."OFFICIAL_LANG" ADD CONSTRAINT "OFFICIAL_LANG_FK_LANG" FOREIGN KEY ("LANGUAGE_ID")
	  REFERENCES "TESZT"."LANGUAGES" ("LANGUAGE_ID") ENABLE;
